<?xml version="1.0" encoding="UTF-8"?>
<project-private xmlns="http://www.netbeans.org/ns/project-private/1">
    <editor-bookmarks xmlns="http://www.netbeans.org/ns/editor-bookmarks/2" lastBookmarkId="0"/>
    <open-files xmlns="http://www.netbeans.org/ns/projectui-open-files/2">
        <group>
            <file>file:/D:/etec/TPI/NetBeansProjects/Site_TPI_4º_B_certo/Site_TPI_4º_B_certo/public_html/sobre.html</file>
            <file>file:/D:/etec/TPI/NetBeansProjects/Site_TPI_4º_B_certo/Site_TPI_4º_B_certo/public_html/index.html</file>
            <file>file:/D:/etec/TPI/NetBeansProjects/Site_TPI_4º_B_certo/Site_TPI_4º_B_certo/public_html/Animes_home.html</file>
        </group>
    </open-files>
</project-private>
